Basin,NSE
11381500,0.8183931410312653
01057000,0.8625167906284332
06878000,0.5814447999000549
09430600,0.7396708428859711
14306340,0.8759847357869148
04122500,0.28081774711608887
01644000,0.7683662176132202
02077200,0.7365319132804871
04063700,0.36771315336227417
09066000,0.8411588817834854
11532500,0.9140768200159073
12189500,0.8487742841243744
01134500,0.7819517850875854
03460000,0.8044731616973877
01634500,0.6839538514614105
01632000,0.7409530282020569
07083000,0.8678710609674454
01047000,0.8750463873147964
08050800,0.3470875024795532
11451100,0.8099372535943985
02296500,0.7203742861747742
14306500,0.9237300753593445
12082500,0.7676292359828949
09035800,0.9070802703499794
14185000,0.9025424942374229
04221000,0.8798456788063049
02298123,0.6983925402164459
03238500,0.6844262182712555
03504000,0.7422468960285187
06350000,-0.08043932914733887
02381600,0.3636309504508972
09386900,0.4768303632736206
03237280,0.4197993278503418
02369800,0.6259588003158569
14096850,0.7131903171539307
01414500,0.7470197975635529
01664000,0.5070440769195557
07195800,0.6227239370346069
04105700,0.24009627103805542
01123000,0.8291085064411163
02013000,0.8080321699380875
11482500,0.9061011895537376
02015700,0.7854516357183456
03021350,0.669364720582962
03050000,0.8348955512046814
12381400,0.8434595912694931
06919500,0.7271298766136169
01549500,0.7450793981552124
04216418,0.7488249242305756
12041200,0.8532095700502396
06470800,0.3809537887573242
01667500,0.8827148750424385
02363000,0.8318565040826797
02479300,0.517670750617981
02028500,0.6834273338317871
02215100,0.8451282382011414
12117000,0.7408775985240936
02069700,0.5402515828609467
12048000,0.6253903806209564
13235000,0.9155749380588531
08164300,0.7546975612640381
14325000,0.8251758515834808
03364500,0.7456406652927399
08194200,0.1802816390991211
04057510,0.4041925072669983
01638480,0.702393651008606
08023080,0.802308514714241
02395120,0.6871121525764465
03456500,0.8063686490058899
01605500,0.7755744755268097
11468500,0.8886424154043198
01583500,0.5121535360813141
04122200,0.47970283031463623
06614800,0.8726685643196106
01666500,0.7233123183250427
06221400,0.908586286008358
01434025,0.7984715849161148
01669000,-0.011053204536437988
06888500,0.6519896984100342
01022500,0.8425199091434479
01137500,0.7956088781356812
12115000,0.6972227394580841
04296000,0.8776623606681824
14154500,0.8972372114658356
13011500,0.8488848358392715
14185900,0.8853340819478035
02027500,0.5611156225204468
06911900,0.6857840120792389
03070500,0.816020742058754
01170100,0.783666118979454
03182500,0.8833897709846497
05593575,0.7692628055810928
01144000,0.8639811277389526
03338780,0.7939114719629288
01466500,0.571321040391922
14158790,0.8732065707445145
01532000,0.8066690117120743
02051500,0.7869015485048294
07301410,0.548506110906601
04027000,0.8762045800685883
08200000,0.45873910188674927
09494000,0.5151044130325317
07142300,0.1426050066947937
06332515,0.26732873916625977
02216180,0.7364707291126251
09497980,0.7924445569515228
12114500,0.7020840346813202
09107000,0.8872664719820023
11522500,0.8869505822658539
04045500,0.8276330381631851
08150800,-0.5010255575180054
01606500,0.7733948826789856
08104900,0.5083831250667572
14400000,0.8812827169895172
13240000,0.9195233136415482
02177000,0.8112781792879105
02128000,0.5832159519195557
11480390,0.8302546739578247
05556500,0.7327640950679779
07184000,0.7437594532966614
06344600,0.03305351734161377
09484600,0.08404886722564697
02430085,0.5933822095394135
08158700,0.23153430223464966
06622700,0.8398357331752777
08101000,0.6720553338527679
02017500,0.8546163588762283
13161500,0.7807563841342926
07197000,0.7808384597301483
07066000,0.6058504283428192
12451000,0.8506804704666138
07291000,0.6968080997467041
04197170,0.683404415845871
09404450,-1.3823940753936768
01181000,0.8423076570034027
07335700,0.7561839818954468
01550000,0.842059925198555
06406000,0.44445347785949707
05466500,0.6447712182998657
07315700,0.7744262963533401
12390700,0.804093137383461
14316700,0.8751644343137741
01350080,0.718878835439682
12025700,0.8388624489307404
01491000,0.6532973647117615
08324000,0.7068633437156677
02384540,0.7724920213222504
08103900,0.3856256604194641
06339100,0.06302368640899658
02193340,0.7834963798522949
08086290,0.5696557760238647
01415000,0.7752750068902969
02112120,0.7974932193756104
07196900,0.706098884344101
03384450,0.7426240146160126
12054000,0.7655348777770996
01552000,0.8528057336807251
14166500,0.8634512722492218
01350000,0.867378443479538
01169000,0.8187527656555176
03026500,0.7660861611366272
01594950,0.7560212016105652
06921070,0.805769219994545
08175000,0.8988473117351532
12383500,0.7295798361301422
04024430,0.6917020976543427
02053200,0.7728889882564545
06224000,0.917427234351635
03291780,0.7189432382583618
01333000,0.8306235373020172
05414000,-1.4484901428222656
08014500,0.6930961608886719
03340800,0.8298368006944656
01055000,0.7377136051654816
02125000,0.7199842631816864
01518862,0.8494225144386292
07375000,0.6884362995624542
10343500,0.8265026062726974
01162500,0.8552997708320618
14308990,0.7564511150121689
08190000,0.5402355790138245
01052500,0.8370208740234375
05408000,0.48508113622665405
03076600,0.8201937973499298
01567500,0.6365366876125336
02108000,0.8117655515670776
09312600,0.7496174275875092
07359610,0.7784805744886398
01413500,0.8405847400426865
10336660,0.831657737493515
11148900,0.8731195479631424
01350140,0.7434660792350769
01073000,0.914900541305542
04074950,0.7749216258525848
14182500,0.8155470788478851
02096846,0.7069361507892609
01440400,0.8658355325460434
02427250,0.828168660402298
14362250,0.8196657449007034
02137727,0.9093143120408058
02112360,0.73623988032341
05593900,0.7639425694942474
04043050,0.8477591872215271
11528700,0.7542538046836853
03069500,0.8689285963773727
02342933,0.5777390599250793
04213075,0.446633517742157
08378500,0.6722677648067474
09508300,0.7248987257480621
03281500,0.8976551219820976
05057200,0.3177960515022278
03592718,0.6907013952732086
14138800,0.8174375295639038
02298608,0.6549785435199738
08269000,0.002352476119995117
01596500,0.8554774820804596
07263295,0.790661171078682
02479560,0.753248393535614
04161580,0.6653240025043488
03574500,0.8271691501140594
09066200,0.7562001347541809
03498500,0.88161750882864
04213000,0.6579127907752991
02011400,0.7011497914791107
02102908,0.10835832357406616
05525500,0.8398482352495193
02349900,0.7438263297080994
02046000,0.6320361196994781
02374500,0.1624743938446045
13023000,0.8883639797568321
09505800,0.7390501201152802
05495000,0.8048868179321289
08189500,0.7295271754264832
02014000,0.7787245512008667
02074500,0.6904865205287933
02472500,0.8025667667388916
02469800,0.7046368420124054
04256000,0.8418813049793243
06440200,0.46547335386276245
01639500,0.8214960098266602
06910800,0.7342549860477448
03500000,0.5653994977474213
11124500,0.8346703052520752
02140991,0.8745718002319336
06404000,0.5929524004459381
06853800,0.49547892808914185
14020000,0.8274432569742203
08176900,0.49893051385879517
10259000,0.7551924586296082
08267500,0.6343603134155273
05591550,0.6328894793987274
05503800,0.6661116182804108
06803510,-0.4126746654510498
09352900,0.7643157690763474
06278300,0.7432511448860168
03604000,0.8177260160446167
11176400,0.7291953861713409
01440000,0.7652105242013931
02297310,0.7452052235603333
05393500,0.8210361748933792
06431500,-0.7777453660964966
01557500,0.8169813007116318
02111180,0.7243419587612152
06917000,0.7331021130084991
05592050,0.7888183742761612
05487980,0.737135112285614
08196000,0.18844681978225708
02371500,0.7920594364404678
05495500,0.8341382592916489
09306242,0.17854148149490356
01451800,0.8374102115631104
10234500,0.8960218727588654
04233000,0.814364954829216
11141280,0.6556673049926758
02350900,0.7007283270359039
09505350,0.6329706311225891
02361000,0.7263200879096985
06903400,0.6908383965492249
06879650,0.38043975830078125
02152100,0.7039999067783356
08377900,0.6012738943099976
02055100,0.6883772015571594
02300700,0.6651267409324646
03463300,0.8645409196615219
12144000,0.7531938701868057
02056900,0.82374307513237
09510200,0.8710620999336243
08164600,0.8119058758020401
02149000,0.3411905765533447
04115265,0.40009522438049316
03015500,0.8561229705810547
03500240,0.8323133885860443
14137000,0.7968946397304535
06814000,0.6952259838581085
09065500,0.8837693184614182
06876700,0.574572741985321
09512280,-0.32744300365448
12035000,0.8837218731641769
02178400,0.8238198012113571
06885500,0.7889064103364944
03241500,0.7293900549411774
12143600,0.8186672627925873
03186500,0.8162826299667358
02202600,0.8030448108911514
12145500,0.860428586602211
11266500,0.877970889210701
07299670,0.1803957223892212
09081600,0.9050614982843399
06601000,0.6539581120014191
08178880,0.5337779223918915
14141500,0.8640607446432114
06291500,0.698257714509964
08271000,0.8562142252922058
08070200,0.6926231682300568
02111500,0.8563410639762878
04059500,0.7649734616279602
07057500,0.5596866011619568
08070000,0.727891355752945
07315200,0.42965197563171387
06632400,0.8667326867580414
02372250,0.806589886546135
12147500,0.793179914355278
03368000,0.7191082835197449
14138900,0.8274883478879929
06918460,0.25728076696395874
02472000,0.8562089055776596
06803530,-0.027490735054016113
02246000,0.8000768423080444
04224775,0.7308927178382874
05444000,0.02781820297241211
03366500,0.81057208776474
02118500,0.7797608971595764
02143000,0.9052219092845917
08158810,0.5888337194919586
03280700,0.7815896272659302
12010000,0.7960453629493713
08066200,0.678761750459671
02196000,0.751726821064949
11475560,0.7410911917686462
08013000,0.7678356766700745
11478500,0.8530387431383133
12056500,0.770456001162529
02092500,0.7271291017532349
08380500,0.5769087970256805
12040500,0.7645512968301773
02221525,0.7246626615524292
09066300,0.8856307417154312
01516500,0.6356030702590942
14305500,0.8510265052318573
01591400,0.6875475347042084
07362587,0.7693680077791214
02016000,0.8445914536714554
03479000,0.8885290026664734
04127918,0.4401240944862366
11230500,-0.013466954231262207
02450250,0.8529546409845352
01139000,0.7972878217697144
01439500,0.8090518862009048
01411300,0.7221404016017914
02481510,0.714046061038971
02299950,0.7197874784469604
10244950,0.8331510722637177
08086212,0.25065892934799194
03237500,0.8324855864048004
02053800,0.6366959512233734
01544500,0.8582224696874619
03471500,0.7872603088617325
09035900,0.9288347139954567
07261000,0.566420316696167
09210500,0.8505043536424637
04057800,0.8269151598215103
01487000,0.7268548309803009
13018300,0.8618987500667572
09447800,-14.105359077453613
03049000,0.8333541452884674
07362100,0.7841422706842422
07340300,0.762651190161705
05399500,0.60209059715271
14236200,0.7934062778949738
01054200,0.7962501794099808
05413500,-0.20860278606414795
14139800,0.8368144035339355
02065500,0.6789144277572632
03285000,0.7565826326608658
11473900,0.8713822811841965
03140000,0.624204695224762
12167000,0.7933478802442551
04015330,0.7693784832954407
02059500,0.7075048685073853
06280300,0.8918690904974937
03170000,0.7170431911945343
01568000,0.8219285905361176
01539000,0.8819142058491707
01423000,0.8560436218976974
05501000,0.7643231898546219
06889500,0.8091976493597031
03010655,0.8190585225820541
14138870,0.8760004118084908
01365000,0.663966178894043
12178100,0.838493749499321
03346000,0.7524439543485641
05458000,0.7042220234870911
08165300,-1.064678430557251
05120500,0.33142608404159546
02465493,0.6640149056911469
08202700,0.5770792663097382
12186000,0.6809516847133636
02297155,0.5758563280105591
01580000,0.19339656829833984
02245500,0.5865671932697296
02198100,0.5327518880367279
11264500,0.8547260165214539
01078000,0.8563486635684967
06889200,0.8527651131153107
14309500,0.8520101308822632
01586610,0.675672173500061
06352000,0.2016419768333435
01142500,0.8530212789773941
02415000,0.8334202617406845
01484100,0.4764987826347351
08171300,0.5845844745635986
14301000,0.9426254518330097
12013500,0.9003546759486198
03173000,0.7738073170185089
09223000,0.8945903405547142
05595730,0.7463887333869934
13011900,0.9138918966054916
12447390,0.837688758969307
06921200,0.7762835025787354
03455500,0.8443048894405365
03049800,0.6160362362861633
03078000,0.8503153324127197
06311000,0.7862688899040222
11237500,0.7647606432437897
05291000,0.6485181748867035
11476600,0.8884966000914574
14222500,0.8804696351289749
06409000,0.2053513526916504
07208500,0.10042375326156616
05507600,0.7000074088573456
03011800,0.7922526597976685
02464360,0.6457127630710602
01510000,0.8701440542936325
03180500,0.8295030295848846
09047700,0.4270806312561035
04196800,0.7787265628576279
06479215,0.3246474266052246
05454000,0.3799648880958557
02081500,0.770484447479248
01547700,0.8011264801025391
08198500,0.6477024555206299
01031500,0.8663506954908371
14303200,0.8644717037677765
07346045,0.8420814573764801
01543000,0.9022110775113106
09492400,0.7445702850818634
01669520,0.7526663690805435
03028000,0.8200361281633377
01435000,0.8750012144446373
10336645,0.8559631705284119
05488200,0.674964040517807
09513780,0.36906206607818604
12175500,0.8558049201965332
11143000,0.8494748473167419
08082700,0.42449426651000977
02038850,0.6442698240280151
07060710,0.7705885767936707
11151300,0.6372183859348297
01545600,0.8168017715215683
07180500,0.664844274520874
05489000,0.7188534736633301
03473000,0.8584574162960052
01139800,0.7744610756635666
06746095,0.7828308343887329
02027000,0.7388884425163269
08195000,0.6156187653541565
05584500,0.7939557880163193
02479155,0.708916038274765
06892000,0.8345151543617249
11481200,0.8438549041748047
02231000,0.8380475789308548
06447500,0.2762887477874756
11284400,0.8165597468614578
06847900,-0.30828261375427246
03488000,0.8500364720821381
01548500,0.8808590844273567
08066300,0.5396893918514252
01543500,0.9012660831212997
14187000,0.9009438902139664
04040500,0.9186558797955513
12092000,0.7791034430265427
04185000,0.8410327434539795
11523200,0.8455241322517395
12411000,0.8248077481985092
04127997,0.6538982093334198
13331500,0.856201097369194
02481000,0.6965905129909515
01552500,0.7892640829086304
13313000,0.9063446074724197
01542810,0.8252775222063065
07167500,0.82159124314785
03439000,0.8083358854055405
05362000,0.8524486124515533
01195100,0.7465936541557312
06623800,0.9316683486104012
12377150,0.8914118409156799
02464000,0.7358008027076721
05592575,0.684789389371872
12073500,0.8554896414279938
04197100,0.7130887508392334
08190500,0.33425211906433105
06289000,0.704585075378418
09378170,0.843535527586937
14216500,0.8270729631185532
07145700,0.733715832233429
06477500,0.6459928154945374
02212600,0.8021287173032761
02064000,0.6803747713565826
08109700,0.6544487774372101
02018000,0.8533466756343842
12375900,0.762478232383728
06906800,0.7086854577064514
03144000,0.8609806895256042
12488500,0.7516101598739624
02143040,0.7922239154577255
01187300,0.8074348270893097
01632900,0.43339937925338745
02082950,0.556223601102829
05508805,0.7273996472358704
12020000,0.8580507338047028
02070000,0.6367978751659393
